{"batch_size": 20.014238167447175, "dropout_rate": 0.3258931468048417, "learning_rate": 0.007549956749557132}