{"batch_size": 83.0497502300681, "dropout_rate": 0.1624074561769746, "learning_rate": 0.0016443457513284064}